{
	"type" : "Boundary",
	"rho_material" : 2700.0,	
	"T0" : 20.0,
	"mu" : 0.001,
	"rho0" : 1000.0,
	"soundSpeed" : 20.0,
	"thermalExpansion" : 0,
	"thermalConductivity" : 230.0,	
	"objects" : 
	[
		{"type" : "block", 
		 "includeBoundary" : "True",
		 "begin2" : [-0.00175,-0.00175,-0.00025], 
		 "end2" : [0.00175,0.00175,0],
		 "begin" : [-0.0005,-0.0005,-0.0001], 
		 "end" : [0.0005,0.0005,0],
		 "rho0" : 1000.0,
		 "T0" : 20.0}
	]
}

